Date,Time,Name,Chats,Topic
05/12/19,1:42 pm,Mabel Infoziant,Hi this is Mabel we just spoke,General
05/12/19,1:42 pm,Mabel Infoziant,What’s your full name,General
05/12/19,1:42 pm,AR❤,Ramisha Rani K,General
05/12/19,1:42 pm,Mabel Infoziant,Ok,General
05/12/19,1:42 pm,Mabel Infoziant,ramisharanik@gmail.com,General
05/12/19,1:43 pm,Mabel Infoziant,Your email Id?,General
05/12/19,1:43 pm,AR❤,Yes Mam,General
05/12/19,1:43 pm,Mabel Infoziant,I will send 2 abstracts for u to start working,General
05/12/19,1:43 pm,AR❤,Yeah mam,General
05/12/19,1:43 pm,Mabel Infoziant,Give me the list that u have too,General
05/12/19,1:43 pm,Mabel Infoziant,Send me cbe office address and phone number I will ask students to come and meet u,Calls
05/12/19,1:44 pm,AR❤,Yeah Mam within Evening I will forward you mam.,General
05/12/19,1:45 pm,AR❤,Tomorrow I have to visit the office.yet not I haven't visited. Office name is Infotest Lab R.S Purum,General
05/12/19,1:48 pm,Mabel Infoziant,ok,General
05/12/19,1:48 pm,Mabel Infoziant,send the details of office location once u get it....also the phone number we need to give to students? let me know..so that i can share those to the marketing calls we have here,Calls
05/12/19,1:49 pm,AR❤,Sure mam. Soon I will share details with you mam,General
05/12/19,2:00 pm,AR❤,I have read the Abstract mam. We can do mam. Now I searching for dataset for the same. Once I get it. Will inform you mam.,General
05/12/19,2:04 pm,Mabel Infoziant,I think Vignesh has the data set will ask him to send the details,General
05/12/19,2:04 pm,Mabel Infoziant,I have sent the abstracts,General
05/12/19,2:06 pm,AR❤,Ok mam,General
05/12/19,2:07 pm,AR❤,I have read both the abstract mam. We can do both mam.,General
05/12/19,4:20 pm,AR❤,"I received project details from Vignesh, mam. So far he has sent Diabetes, forest fire, Brain, heart Disease mam.",General
05/12/19,4:44 pm,Mabel Infoziant,Yes we need to ya about amount and all other details can I call u after 7pm,Calls
05/12/19,4:48 pm,AR❤,Sure mam.,General
05/12/19,8:07 pm,AR❤,Shall I call mam?,Calls
08/12/19,10:45 pm,Mabel Infoziant,Hi I was at church couldn’t take your call,Calls
08/12/19,11:52 pm,AR❤,It's k mam,General
08/12/19,11:55 pm,AR❤,Just to know the tomorrow plan mam.will see tomorrow. Good night.,Positive
09/12/19,12:09 pm,AR❤,Mam can u send Vignesh number??,General
09/12/19,12:13 pm,Mabel Infoziant,Vignesh ML Infoziant.vcf (file attached),General
09/12/19,12:23 pm,Mabel Infoziant,I was in a meeting sorry,General
09/12/19,12:25 pm,AR❤,Can I cal u mam,General
09/12/19,12:26 pm,AR❤,Waiting for u r finalization of rates for our projects and other things...,General
09/12/19,12:26 pm,AR❤,If we finiliaze I can work with full involvement..,General
09/12/19,12:28 pm,AR❤,So what ever may be ..if you think your are comfortable with the price I asked for a project ..or any negotiation we can finiliaze mam.,General
09/12/19,12:28 pm,AR❤,You deleted this message,General
09/12/19,12:29 pm,AR❤,Do the needful,General
09/12/19,12:41 pm,Mabel Infoziant,No ma please hold I am in a hot meeting with auditor and financial tension nothing to do with your discussion I will  call u soon,Calls
09/12/19,12:42 pm,AR❤,Ok mam thank u,General
10/12/19,7:59 am,Mabel Infoziant,Ramisha we need to talk today i will call u around 10:30,Calls
10/12/19,8:00 am,Mabel Infoziant,Be ready to discuss about the ML titles u have,General
10/12/19,8:55 am,AR❤,Okay mam,General
12/12/19,2:24 pm,AR❤,"Mam, I have sent the mail regarding project details with description. If I find any other project idea I will update you mam.",General
12/12/19,2:26 pm,Mabel Infoziant,ok,General
15/12/19,8:22 pm,AR❤,Mam are u free?,General
15/12/19,8:40 pm,Mabel Infoziant,Am at church can call very late or tomorrow only,Calls
15/12/19,8:40 pm,AR❤,Kk mam. I will ask Arun brother. Small doubt . Not a issue mam. U carry on mam. Praise the lord.,General
18/12/19,3:09 pm,AR❤,Hi mam,General
18/12/19,3:09 pm,AR❤,Any updates mam?,General
18/12/19,3:11 pm,Mabel Infoziant,U might have to start on the WhatsApp analysis,General
18/12/19,3:11 pm,Mabel Infoziant,There is one project that got committed,General
18/12/19,3:12 pm,AR❤,Kk mam👍🏻,General
